tweet,Label
yeah I got 2 backups for all that. I just hate when that happen. I been strugglin for a week now...handle that tho,0
I hate using my BB  but love my iPhone. Haven't tried the new BB. My BB is provided by my corp. I don't get to pick which model,0
 Get fucking real dude.,1
 She is as dirty as they come  and that crook Rengel  the Dems are so fucking corrupt it's a joke. Make Republicans look like  ...,1
 why did you fuck it up. I could do it all day too. Let's do it when you have an hour. Ping me later to sched writing a book here.,1
 Dude they dont finish enclosing the fucking showers. I hate half assed jobs. Whats the reasononing behind it? Makes no sense.,1
 WTF are you talking about Men? No men thats not a menage  that's just gay.,1
Ill save you the trouble sister. Here comes a big ol fuck France block coming your way here on the twitter.,1
 Im dead serious.Real athletes never cheat don't even have the appearance of at his level. Fuck him dude seriously  I think he did,1
wow lol sounds like a lot of piss then hehehe,0
not a damn thang..the typical rap beef. one person worrying about what the next is doing and the other respondin etc etc,0
...go absolutely insane.hate to be the bearer of bad news..LoL..dont shoot the messenger (cause we all know you bought that pistol,1
well damn!! where have you been when i have needed you 'Mother Time',0
watching without a trace too...hate when i miss the 1st 5 minutes when the person disappears!!!!!,0
which they do most of the time:-P I don't hate them either I wanted to be one once..but I figured out I couldn't live w/ myself,0
"Lmao  im watching the same thing ahaha. The gay guy is hilarious! ""Dede having a good day and I dont want anyone to mess it up.""",1
LOL  no he said  What do you call a jail cell to a gay guy? Paradise! ahaha.,1
truth on both counts that guy is an ass  and their product is sub par. I tell people try Dalesandros orJim's,1
Shakespeare nerd!,1
you are SUCH a fucking dork,1
Heh. Fuck 'em WHERE?!?,1
damn it i totally forgot that one!,1
haha fuck i wish i was there :(,0
paranoid is wack as fuck...the best song on 808s is DEFINITELY Bad News,0
wow  damn I would have been pissed @ that...,1
nigga u geigh lmao! fuck yo finals beeeeeitch,1
in London  I hate thee :( ENJOY YOURSELVES!!! &lt;33333,0
lollipop lolipop...oh loli loli loli....duh duh dum dum dum *Pop* Damn  im so bad at cheeeering people up &lt;3,0
that sucks :(,1
"read that this morning. my fav is how they just straight up say ""cum shots""",1
You pretty sure Angel's ass is fake too huh? I hated that 'I wont answer cuz conroversy is good' shit. That means FAKE.,0
Unibroue 17 !!!! Another damn good Unibroue,1
damn your evil 60 minute IPA beckoning me from the fridge right now...,1
I hear that. I hate charging.,0
It did  then my fucking dad turned it off. I just don't think it likes your movies. I was tryin to watch Nanny Diaries.,1
That sucks. My furnace started making funny noises the other day and I almost had a panic attack. I don't deal with cold well :),0
it pretty much is a fuck you card..,1
that karma is a bitch  HUH,1
don't get too fat or you'll turn into a boomer,1
"DAMN STRAIGHT
9na :)",0
I hate your job too.,0
the hormones are worse for guys.  I cant tell you how much I truly hate the thoughts that go through my head.,1
except for joe jonas the ass munch who broke up w/our tyler via phone..kinda like doing via text - what kind of a-hole does that?,1
man that rly sucks. I for 1 am positive that all will work out. You're a bright dude... pretty cool 2 if I don't say so myself.,1
hard to kick ass yourself with slippers on?  On it.,1
LOL! I'm not proud of my inability to deal with the cold :( I hate the treadmill too  but not as much as the cold...,0
I hate upping more than downing lol @seanzageek Its pretty awesome  AMD hasn't met release dates let alone beaten them in ages :),0
Awesome :) I hate updating the BIOS LOL,0
Thats pretty damn awesome! Very smart :) @Aaronage Sure!,1
Looks like a good competitor :) Wouldn't touch it personally  hate Symbian and Nokia Software :) My N95 is a bitch lol,0
freak'n awesome. so far loving 4.5. the browser is fantastic. and finally video  pretty cool,1
ok that sucks. Someone needs to remind them about progressive enhancment....,0
Omg that sucks  but it's SO funny,0
lol  i know what you mean. But i kinda am a nerd so yeah  but still,0
Damn  that sounds good...,1
they should have a wii loser..that way you can compete with your wii friends.,1
@markmancao haha. i love it! gay nights for all!,1
that's awesome! you're pretty damn good!,1
Faggoty fag fag. Gay secks man blowjob. Settle down.,1
Right. That wouldn't be creepy as fuck.,1
HOLY SHIT. Fuck that band.,1
Gay fag.,1
I hate that bands have wardrobes.,0
that sucks dude  sorry for your loss,0
oh ok it's the dick-in-a-box guys  that explains the timberlake appearance,1
*falls off of bed laughing fabulous ass off* Dude I think that made me BLUSH. WTF? LOL?,1
and @justlikeanovel: *raises hand rather gaily* One real gay man right here  darlings! HOLLA! #supergay,1
okay cool.  I can help you guys this weekend.  Those routers are a bitch to get working some times.,0
 oh man. the malls are a mess  it grosses me out. ohhh capitalist dogma  how i hate you,1
i hate when shows take holiday breaks. its killer to my free time.,0
"where'd ya put it? o btw: ""kick ass quote Copyright&#169; 2009 @abcd91 All Rights Reserved""",1
It sucks to be done with exams n still be @ Mayag.,1
I'm such a pizza freak... Mmm.,0
Epic WINS for Fuck City&lt;3,1
Has it snowed where you are?? I miss the damn snow. I haven't seen any in forever. Everyone has some snow but me :( lol,1
 aren't you just super special.  I will not know the sweetness of sleep until about 9 tonight. I hate grad school. I want out!,1
fuck yes.  I hate them at work...,1
Holy ass hell balls!!!  $260 for premium????  Fuck upgrading.  I will fucking cope with Basic,1
but seriously...  WHY THE HELL ARE YOU STILL ONLINE????  Were you injured in god damn 'NAM or something???  GO!!!,1
damn. Don't want to visit a country that doesn't allow passport smile. Just want to go to Cabo soon.,1
I've never been to New York  and Peyton was an ass when the Chargers wanted to draft him  but I do love to win.,1
Oh honey  just hold in your mind the rankest thing a guy has ever done to piss you off  and you'll have bitchy in no time.,0
damn.  did you buy bitchy too?,1
then by all means  bitch away! haha.,1
sucks that ppl will do anything to make a buck. i just love how your fans are calling them out. and i'm glad your iphone is safe.,1
Let that pussy freeze. Rotten bitey little bastard.,1
...okay. Maybe ONE more thing to look at on the interwebs. Damn you.,0
Damn! now I remember that people used to call you Benyl! forgot that little detail  you see,0
Dood! You just justified your MBA. I pity the sorry ass of that downtrodden employee whose manager you'll soon become.,1
hehehe. mine pleasure. Btw I too so loves it  when people be presumptous pricksy wicksies! feel jolly nice for me ass to rub on.,1
I've only lived a quarter of my life and no crisis so far... loser experience  yeah...couple of kinky pinky stuff-yeah. But crisis? Naa,1
imagine a building. not any building...a fucking 300 acre building full of weed....not any weed...but Caucasian Monkey-fuck Weed!,1
pretty much all bus drivers are fat... Besides Flavio.,0
Ugh  twitter stop it  you fucking slut.,1
HAHAHAHAHAHAHAHAHAHAHAHAHA (eww now thats fucking gross!) HAHAHAHAHAHAHAHAHAHAHAHAHAHAHAHAHAHAAHAHAHAHAHAHAHAHAHAAHAHAAHAHAAH,1
http://twitpic.com/sbrn - we hate you phil. doesnt TV want you yet?,0
cute video lexi u hve some of the of the weridest & cutest little toys i know wht u'll say (shut the fuck up ACH) haha,1
Fuck the pics! @giove_dea WE WANT VIDS!!,1
Hard to play because it is damn fucking awful,1
you got that right! People stealing others' generators  & other stuff inside the homes when they know no one's home..sucks big time,1
no grown man should include DIP in his sentence....lol...I know I'm hatin but fuck it I'm lookin @ snow..lol,1
Thanks  Yeah shes fine they have her sedated..we hate hospitals so she was being a bit rude. So they knocked he out!,0
oh god  we have an icp display in our window  and weve been getting so many fucking juggalos and they smell sooo bad.,1
"you should have her talk to @junsten about that. Similarly  he once told me  completely out of the blue  ""I'd hate to be a bird.""",1
I nominate @PRsarahevans for a Shorty Award in #socialmedia because... Shes damn good at everything to do with Social Media.,1
hate friendfeed...especially since Scoble endorses it :),0
Captain Jean Luc Pic-card of the USS Enter-prize  Captain Jean Luc Pic-Y'KNOW WHAT? FUCK YOU  TEMPLESMITH!,1
FUCK YOU RIGHT IN THE FILTHY PUCKERING SPHINCTER YOU CALL A SOUL!,1
damn. oh well. i'll have to go find someone who's trained or something...wait  my WIFE is getting trained. now THAT's an idea!,0
You're going too? Fun.  @JesusNeedsNewPR I hate job hunting,0
damn . . . now I really  REALLY want breakfast food!,0
another downside to living in DSM but working in Indianola:  lunch meetups are usually not possible. :( damn isolation!!!,1
ughhh that sucks!!!!   How'd you get back from Sterling?,0
"there's nothing better than listening to music on shuffle and hearing you say ""you bitch!"" randomly in the middle of it.",1
I hate it. Horrible stuff.,0
I got it. How many damn websites do u have homie! Sheesh!,1
U know they all the same dame spot! I bet ya'll got the same damn middle eastern type of cats cooking that crack up too!,1
 kno I check ur blog out! Alpha females vs being a bitch.....damn u be analyzing!,1
That sucks. Poor baby Andy. Hope he gets better.,0
OMG again eating :P yaar u eat alot but u don't look so fat what is the sceen behind this :S,0
haris i m trying to control my fat tummy did'nt eat from 2 days :D,1
wx in ny sucks! haha lots of snowww and blowing wind!,0
700. you glutinous bitch!,1
LULZ is gay!,0
Ok  you're starting to sell me on these vinyl toys (damn  that sounds bad),1
So true  so true.  Lame ass people are now officially off my radar!!!! Bu-bye!,1
lo thankyou.. will see you soon :) and i hav to send a mail to u damn!,1
Fuck yeah! :P Where've you been ...?,0
Have you tried 'fuck' and 'Fuck'? (yes  they are different),1
Well  not unless he wants some hot Vulcan action.  It only happens once every seven years  but damn  is it worth it.,1
damn i was hoping for some cash out of this... how bout 5 for pain and suffering lol,1
that sucks... she should prolly just change her major lol,1
that sucks... so are there plans to get back together? or are they done?,1
you are a fatty fat fat,1
I HATE when that happens!,0
you never posted your blog. and today is guest blog day. get with the program my slut pink zebra. LOL loveee you anyway!,1
they're not gross. U shaddup u fat ass HATER!!! & yes I made them for mark & my son.,1
no one likes every fat snack u do bitch! so shaddup ahahahahaha,1
stop the hateration bitch! it's only gonna make that mohawk stand up rotf!!!,1
ask him why he's jumping out of the window. And ask him hows he gonna do it in those tight ass jeans???,1
'Night Guy' is ALL motivated @ 11pm but he knows 'Morning Guy' is gonna hate him when Miss Emily arrives at 5:30am ;-) Night Tweets!,1
OK but I'm telling you  it's going to be hard for me to fight my inner grammar nerd. I'll do it for the cause though ;),1
What I HATE are white collars on colored shirts.,0
that sucks. Where are you trying to watch it?,0
mythbusters is a great and nerdy show. Embrace your inner nerd..no suprise they were on the launch of youtube live ha NERDZ ROOL,1
"lol @ ""the bitch"". damn.",1
damn. thats crazy early. i wont hit the city til 9:30 but i will be a few blocks from the spot.,1
Slurpees are awesome. Damn  now I really really want one O.o,1
"I can see it now. ""Listen  you cow-loving yahoos  just put all of the slurpee in this bag! What? Cups? I don't need fucking cups!",1
lol I hate you. And by hate  I mean love  but I still hate you XD,0
i loved it  i laughed my ass off,1
ahh  you might be on to something...damn techies,1
The pig of shame? Lol! Is that like the aardvark of discontent?,1
Still - it's damn moronic that media people can't access media - particularly media made by their own company!,1
if anyone said Arial I'm gonna beat their ass.,1
well find him and kick his butt too! I hate it when people take advantage of the mentally challenged.,1
Tell her she says Bitch like it's a bad thing,1
I did have a moment of seriously considering that. I mean... my Dirt Devil sucks. But I didn't plan on buying a new one soon,1
my time sucks... having a difficult time MANAGING w/o the structure of college classes but I really want to work w/ you on it,0
Ugh! I hate when I get spam followers... They shouldn't count against our talley of actual followers... :-p,1
You know what you are? You're like a big bear with claws and with fangs... big fucking teeth  man.,1
Damn  you're totally geeking out on us tonite.,1
Ha! If I were your neighbor  you'd be tweeting about that bitch next door with the loud music. Admit it.,0
Stumped on that one...hate to admit it!,0
Well  well  well...damn that sounds fantastic LOL I'm sorry  what exactly was it that you wanted?,0
the eagle w/ @leahsairy ... Decided 2 not do power lesbian night @ mecca & hang out w/ our real queer ppl 2night. gr8 indy band. Emo punk.,1
ugh that sucks babe,0
we are so silly and pathetic and so fucking cool! You tellin me you choking made me choke! And I am sitting next to some girl w ...,1
damn straight! Happy birthday Maddie!!! Xoxoxo.,0
that is great. I would hate for you to have that big truck come by during the holidays.,0
Let your hate for Gambit grow. Embrace it. Spread it.,1
dig deep and find that special Christmas hate!,1
I tried to rickroll my office christmas party last night but the damn band didn't know it!,1
even though I was at the same lunch as you  we missed you at our end of the table! Need a damn smart phone! Coulda tweeted back.,1
"I've never found a way so I ""star"" those. I love GMail when I don't hate it.",0
Smack a bitch? :-D,1
Hate what ?,0
rock  not the. He gives the emo populists limp wrist rocker throw.,1
Already on the coffee. I love her  but hate the whole spite thing. Climbed right on top of me to do it!,1
i feel fucking great get me another drink,1
"OMG I LOVE THAT SONG XD

ITS FUCKING HILARIOUS",0
I hate auntie flow too.  I should be starting soon. :(  I gained weight this week from pms (eating a lot)!,0
How do you do that? I HATE my Blackjack so much I have almost resorted to violence?,0
"You've got 5"" of snow?  Damn.  I'm jealous.",1
It just sucks that so many use it as a crutch.,1
They say I have the best ass this side of fourteenth street.,1
yes i love the pillows  livejournal jrock rotations (get an lj  they're sick) and uhh fuck i dunno  twitter?? just the site,1
ha not that creepy. because it's week 10 and I'm fucking stressed out as hell. I wish I could take a trip down there x.x,1
if the opportunity arises  aye aye. God  I hate kids.,0
Fuck  amen to that,1
Aww... Dnt hate the weather  rain can be so soothing sometimes!^^ I still have one more test DD:,1
I knw!!!!!  I hate that! D:,1
Aww. Thanks dear. And I hate my gradeschool friends for ditching me. They forgot about me when we are suppose to be at her wake.=(,1
yeah. i had to beg the stupid teacher. it was so gay.,1
yeah we all call her a whore and shes all don't call me that! So i called her a slut. And she said im a tease! And i told her  ...,1
told ya she was fat! she's loyal tho  she has this goin for her...,1
if you tweet about that damn song one more time.... And its on the Scion double disc promo cd,1
I have all th nerd at home and I'm a smart ass too. So I answered you,1
u got me lemming for some laneige whitening shit! ive been breakin out lately n i need somethin to whiten my damn acne scars bleh,1
you're not a twitter slut until you show us full frontal nudity... so until then you're just a tease =P,1
haha... so you want to be a twitter slut... alright  fine... i'll be waiting for the moment you mature from a tease to a slut!,1
and there were only 5 of us.. it was a night that i've already forgotten... damn the alcohol,1
I like the verses to the song....just not that lame ass auto tuning nigga on the hook,1
hold up nigga..u cant hate Jay-Z...might have to beat yo ass like that nigga did when that other guy said F Tupac...lmao,1
way to damn hard,1
"the explosion of social media into mainstream business.  We will see everyone joining Twitter  its the ""year of the nerd""",1
but...but...to hate them is sin!!! just give me the ones you get angry with...i'll take care of them! hahaha,1
DOGS LICK THEIR ASS...NEED I SAY MORE? DOG.,1
No  I HATE those commercials! Just GROSS. *gag* Okay okay  you've got an hour before showtime. hehehe &#9829;,1
yeah hes fucking serious,0
it was a joke haha. i figured id be emo too since everyone is complaining on here,1
"Being on fire is ""safe""? I'd hate to see what you consider peril!",0
It sucks though when you have nothing to do at 4AM and your roommate wants to sleep.,1
o so the rumors are true i am OBESE! yea fat!,1
girlfriend where the fuck did u find that photo! lmao!,1
ur a damn fool lmao,1
They're not my preference  but the app is so damn fast and thorough that I let it slide.,1
 Ha! Yeah  that caught my attention  too. Now wait & watch for Red Wings fans to freak. I'm gonna make popcorn for that show :),1
Tell them you want YouTube to quit fucking with things that no one wants fucked with.,1
No  you just piss out anything your body won't absorb.,1
Doh! dont you hate it when that happens  I keep meaning to take a backup myself,1
Damn he's doing sneeks for Nike and Louis Vuitton? Dude's gonna be rolling in dollar...,1
Mate it is. In Newcastle it was -1  down Bath -6  it's fucking brassic cold,1
"
Can ANYBODY  ANYBODY PLEASE TELL ME what LMAO means???
This is a CRY 4 HELP!!!
WHAT THE FUCK DOES IT MEAN???
hate text talking",1
Sure  name your price. Oh fuck  sorry I'm not THAT pissed,0
: And whilst on the subject  all Aussie drivers should be reminded KEEP LEFT UNLESS OVERTAKING. Damn middle lane owners club!,1
less #damn-fridays  more #bad_wookie_pun,1
fuck...I forgot,0
women are fucking disgusting.,1
you bet your sweet ass you will!,1
i hate myspaces people you should know,0
dating a 4 year old? Damn. You're faster than me. I only caught 3 year olds name.,1
 will do when i get home  only time i heard it was warped though  fuck life!,1
ah damn!,0
the beef stew from that latin place? I fucking loved their coffee i wanna eat there again.,0
AHHHH. Brandy!!!! I LOVE 'HUMAN' like a fat kid loves cake! Thank you for making this album. AHHHHH I love you girl!! OMG!!!!!!,0
Man  why u live in NYC in that crazy ass weather. Move out to LA. It's nice EVERYDAY. NYC is soo over-rated! lol,1
i got ur ticks  but yo ass ain't gonna come! lol,1
Ugh  ok... I hate NYC also. Hmmm. thinking...We are having a Screening on the FOX Lot that week. Maybe u can roll through?,1
Dude. That. Sucks. :(,0
haha thats sucks.. if that happened to me  idk what i would have done.,0
stuff like building the forums is what I do when writing is kicking my ass  that's how I do it ;),1
"Also  I caught that ""Gai-damn"" earlier  and I support it 100% ;)",1
gee  i'd hate to see what you say about the family ;),1
dude dont tell me what to do thats not your place. i do what i want. just chill the fuck out and worry about yourself.,1
oooo she's gonna go kick your ass now XD,0
damn fine! The snow is gone thank god!,1
That sucks.  Life can't really be that bad  right?  Chocolate does always help.,1
i hate you :P happy birthday dude  good to know your enjoying it,1
thats a good question.  most lawyers HATE that stuff.,1
YOU STUPID WHORE I HOPE YOU ARE IN YOUR HOUSE WHEN I BURN DOWN YOUR HOUSE YOU STUPID WHORE WHY WOULDN'T YOU GO TO PROM WITH ME,1
oh guess who got an australian shephard puppy today. note: NOT ME. the other roommate. yeah. another. fucking. dog.,1
ummm. Ya. That's pretty damn pimp.,1
as much as I hate the winter  those pics are beautiful. We've had insane-o storms like that in MO. Sucks so bad  esp sans power,1
got delayed.  your ass kicking will have to wait.,1
I know it sucks  but I'm actually envious of you.  Though I have orientation for a tutoring program on the 14th.  Did I tell you?,1
it was just a joke man..i wasnt taking the piss out of anything.,1
I HATE tht,0
i hate your face sounds EXACTLY like something i would say.also reminds me of a drunk girl trying to fight me and,1
whale wars?? sounds epic.,0
can't you wind the flash levels down? I hate flash  I'd rip the things off if I could...,0
i was spanked but do not  only because it makes my kid behave worse  so doesn't work. not a lot does work-kinda sucks too.,1
I've been messing around with some of the beta releases. It murders every other WP version (widget panel still sucks though).,1
"Are you laughing your ass off with all these ""juicy"" twits?",1
yeah we do... damn this time difference *HUGS*,1
OMG bundesliga and brasilian bossanova. This was worse than seeing your loved family dog licking his ass. I'm scarred,1
hmm so thats suk your soul hate and reinvent you to get my dry cleaning hate?,1
LOL!!  It's ok to admit that you got fat  or phat :-P. Hahahahaha jk :-D.,0
"drm sucks.
-a",0
drm sucks.,0
yep. I didn't think to go online and check calorie/fat count until AFTER dinner. Bummer.,1
wow - mommy's little cheerleader! *must... not... take... the...piss......*,1
lol.. that sucks..it's so nice in miami... catching that ocean breeze from the balcony....don't want to rub it in...lol,1
oh hot damn!,1
He can't hear you  his head's too far up his own ass.,1
Prison Bitch is a sparkling addition to any resume.,1
a constant receiver does not a giver make. Prepare to be Prison Bitch Blagojevich (new campaign slogan  it rhymes),1
that sucks that you're sick. Sorry to hear that.,1
No thanks. I don't want cable. I hate most TV shows. I really hate commercials. I get my news online. I'm good. :),1
try telling your parents that you don't want to see them. see how well that fucking works out for you  yeah?,1
Football. I hate it. It&#8217;s official  I&#8217;m bad luck.,1
I fucking love Haunted.,1
I didn't know you were an avid football watcher. Is that even football? I think it is. Fuck sports.,1
lol kevin bought me damn near nothing and we dated for over 10 months. my life sucks.,1
Yea it sucks!!,1
Indeed. But the Collier conversation relationship head up your gleeful ass kumbaya stuff needs to be put out with the trash.,1
yeah i am glad i have the next 2 days off.. I just have to get through xmas eve and the weekend afterwards. damn gift cards,1
hot damn! did you get an iPhone too?,1
aw  thanks. it's going better than yesterday  that's for damn sure. :-D,1
no. i must have missed that one. damn. ;-),1
have a safe flight.....damn now you make me want some jamba juice,1
I got it for Wii  when I get back from my dad's we're gonna play and it will be so kick-ass.,1
http://twitpic.com/xm6u - You have an inbox folder for CYA - Covering Your Ass?,1
him and his damn tech stuff bwahaha,1
i'm not emo. I'm fucking happy!,1
well now I have to edit myself and you know how I hate that!,1
if u get a stye is it from seeing a dog shitting or fucking?  And what do I do with my fingers?  Consult H if u need to.,1
what does that say about me that I was laughing my ass of when I heard that. Rapping the word titties is just damn funny,1
& I was there helping your ass pack to get on the plane. A tru friend - helping you track a sub sized weiner like fucking GPS,1
you have officially been put on my bread stick mailing list. Fuck those rock republics and eat something already.,1
i get that ha ha smart ass :p,1
i feel pretty oh so pretty...i feel pretty and witty and gAY! Ha ha good times,1
Yeah  I mean I know the plan and the creative are kick-ass. But sometimes clients have a warped view.,1
Oh man  that sucks. @Vincentdooly can you help @dsmoore out?,1
yea the weather sucks. At least you missed the 8 degree weather though lol.,1
don't forget ppl sitting around working in a tshirt/boxers lol. J/K  my wife is a neat freak & believe it or not I kind of am too,0
I do  but I'm an American. Hence  I'm a pussy.,1
God.. that commute has to be a bitch dealing with.. driving back and forth from Raleigh to Fayetteville...,1
Crying. Literally. You win. I'm destroyed  laughing and crying and I hate and love you all at once.,0
I take full pride in being a nerd. Hahah.,1
All computers hate you back! Haha...good luck.,0
Big Fat Quiz of The Year 2008 is on C4+1.,0
THAT'S AN UGLY ASS PICTURE!,1
Pretty much  but now there will be less AIM errors! Weeeee  you can see that I don't type like a retard!,1
damn it!,0
My grandmother is a big bitch and my father's a fraking arsehole.,1
Thing I hate the most = Alternate side of the street parking rules.,0
you must be bored...you are a twitter whore today. ;),1
man i'm jealous of your day! i'm also hooked on twitter. damn arv. like i needed another procrastinating tool like this.,1
Awww bless  darling  you know you can *always* wear a wig and stilettos. In other news: National Treasure sucks.,0
just don't eat a meal replacement bar.. I fucking threw up!!,1
fuck duke!,1
"what if their ""you"" really sucks? like  why be a wack person when you can be an imitation of a more cool person? i think this",1
Weird. I gotta say  I love my pig.,0
There was a SVT tweet-up last night  damn I was down at BJ's in Cupertino till 7ish,0
2 weeks? how am I gonna live without money for 2 fucking weeks?,1
i hate it when people buy stuff between thanksgiving and christmas!! Cuz then you don't know what to get them!!,0
Well get your ass busy!,1
Hi new friend! I like your personality.super cool:) Yeah I forgot it is like 9 am there..that sucks!,1
damn that sucks..I hope you are ok now,1
haha! No. We have a new stand up board at work and we have barstools to sit on. I hate them!,1
Excited that yr friends get to see yr show. I hate them. ;) No  rly  I do. .....Sad that tonite is last show.  Hard to say goodbye?,1
"Thanks. Nothing just watching ""Jack ass"". Are you having fun doing nothing over there?",1
Well  that's upsetting. We can party it up over here. Jack's ass is quite enjoyable thank you,1
Fuck. Well  you can for a low cost of 19.99 with shipping and handling. But that's only if you really want to.,1
Fuck again. Call 1800QZAK. Then your problems will be solved. I might even get you a discount,1
If you stay home to twitter and have a martini on NYE does that make you a loser?  don't answer that...  I don't want to know,1
you're a fucking maniac.,1
its ok decided not to go to fam party. going back to bed. wtf moon i hate you. wtf life. dead.,1
HAHA WHYYYYY do you hate my school!? NOOOOOO :(:(:,1
FUCK SUNDAY im super bummed.,1
whelchers fuckin suck ass!,1
some peoples drama just sucks!,1
well that sux donkey dick. No interwebs is kinda a pain for ur work.,1
Then she changed roles and she is a little less bitch from hell but still  her sting has too much barb.,1
today feels like sunday.....damn lol,1
Damn didnt even see that lol  : /,1
HATE THAT...happened to me today i was like...YOUR WELCOME *cut eye* and walked back out lol,1
i hate hate hate it with a passion!! lol...i know the calls are recorded i talk mad shyt down the phone LOL!!!,1
don't you hate that?  Though I have so much product to make by the weekend I wish it was Tuesday.,1
i think its a cultural fad.. starbucks coffee sucks and its wayy overpriced.,1
i just deleted all the people that i have on my facebook off myspace Damn if everyone switched i could just delete the account,1
Oh  heck! I was all ready to pull a Dan Rather and pronounce Dick Cheney dead.,0
In case it's not obvious  the rabbit  glasses and ass are not phone-cam pix.,0
Hate them.  If I'm not pulled in by their previous tweet content I might even unfollow.  Basically still selling to a stranger.,0
no! I think UofA's navy jerseys on white pants rule.  And all red sucks. But seeing BYUs colors  I guess all red makes sense.,1
here 2!Another big storm is blowing our way. I hope it waits until I'm home from work b4 it starts snowing. Hate driving in it!,1
no i think you will hate it. Its a bunch of dirty work.,1
the iced media party. Long ass day at the office  time for a drink or 3,1
easy! keyshia sucks. It's pathetic when an actor makes a better album in his 3rd profession (act  stand up) than you do in your first,1
@TheflyGIRL Done! But I must tell you  that negro got a hard ass head. My elbow hurts...,1
LOL at the Razor Ramon shit. I surely was gonna Ultimate Warrior his ass. Shaking the ropes and the whole 9!,1
You done started something! Got me all nostalgic and shit KNOWING good and damn well I got work to do...LOL,1
@mekdot yo...heroes sucks!!! I loved season 1  despised 2 and feel like season 3 is a lousy high school special. BOO HISS BOO!!,1
Actually I have some problems with the British pronunciation... And yes  my Internet service sucks..,0
That sucks  they owe you much?,1
Boo  to be fair they shouldn't give away your room. Kick their ass!,1
Wow  that's bad-ass. You're like Stanley now. Well  even more so...,1
lol figured. So anyway  anna is still being a bitch(sorry for the language) She doesnt want to go on the trip. So now onto plan B,1
anna just has to ruin the holidays for me  just like every year. Damn you anna!,1
those will sell like hot cocks....cakes...hot cakes...damn it!,0
it's the power of having ass loads of money....some people could release an album of static and it'd still go platinum,0
damn  sorry to hear it,0
see previous. Damn twitter.,0
rock out with ur cock out dude!!!,1
that's a shame  I hate having to unfollow someone! :-P,1
BIG FAT HARD HAWAIIAN DICK. Too much?,1
 i hate that too - i have blocked a few of stalker / serial networkers on fb too.  maybe they should tweet first?,1
LOL - nah  that's just what we tell the loser guests that we usually toss down in the newsroom!! oh  wait...,1
Israelis to Spanish FM ... Kiss my ass.,1
No  but I'm saying that money that has gone into Gaza SHOULD be feeding people  not waging war and breding hate.,1
I had a dream involving a rhino chasing me because of my polo cologne. Everyone says it represents a fat woman. My life sucks.,1
Taking the piss = talking trash  perhaps,1
& @babysinead that dude is a fucking PSYCHO. i turned down working for him and he told ppl that I DID and that i was TROUBLE.,1
& @babysinead i've never even met him in person. he's a fucking douche.,1
I get that too! It sucks!,1
hey fag why you gotta ask the whole world!? j/k your awesome,1
gotta love the gay kid who was drumming trying to get his head in the pic tho HAHA,1
Sheeyat....Freezing rain is no punk. Hope you didn't fall & bust your ass in the parking lot.... I almost did.,1
Damn skippy. I should be dead 10 times over......,1
Its foggy as hell here too. Looks like damn Seattle.,1
"He's got NO right  but that makes no diff to him. He's just still mad he went from ""cotdamn!!"" to ""oh.....damn.""",0
lol penelope died?? thats so depressive  i have a compaq it sucks  i dont have a name for my computer tho : ),1
if u hate shapes  how can you pull shapes?,0
OMG. GREAT list! I can add to TMI Freak. Folo one who shares stories about sex toys. No joke.,0
Do you really have a big man ass?,1
I hate it so much! :),0
i don't know that bambi's ass is a nice place. LOL,1
attention whore!,1
I laughed so hard when I first heard because my gay husband (good friend  lol) says code 3 when he has an emergency,1
http://twitpic.com/xipq - this only makes me hate having a verizon contract even more.  erg.,1
no guarantees.  hate the place. I'm ust going there to make sure my parents are still alive.,1
AWWWW I HATE THAT!!!! I had to buy that gadget you can stick your hard drive into to pull them off. SO SUCKS! Sorry. :0(,1
Praying for your grandmother and your momma. I hate that they are facing so much.,1
Would you mind if I blogged about it to? Hate doing that without asking first! #cleanup09,0
bitch please your gorgeous,1
IT'S SO FUCKING CUTE,0
i fucking hate that word  hahaha.,1
i know  haha. 1408 is so gay. i don't even know why i'm watching it.,1
omg - that sucks arse! I am so sorry =/,1
Sounds like good times. I'm in the office until 7:00 and then I'll probably go for a run. I'm a fat boy getting fatter.,1
Ye Olde Cock looks nice.,1
i hate it when that happens :),0
so he isnt gay anymore?,0
sure you can  I'll hide the flashlight. go emo go!,1
emang lagu2nya emo? bukannya mellow? :D,1
gitu emo jaman dulu ya :D,1
Listen  RayRay  I gave you the lowdown as soon as I got it. I hadn't heard it b4 and I was shocked. She seems to hate his guts.,1
I thinks you meant to say that TWILIGHT was epic fail  not your mistake. I hate stephanie meyer and I've never even met her.,1
are you still at school?! Ha!! Sucks to be you!! I finished two and a half weeks ago.,0
lawl. Sucks to be THEM  then.,1
I'd die first. Damn fareway.,1
and THAT is why I hate that movie/musical. Despite the awesome music  there's no redemption  and I love redemption.,0
LMAO! He's horrible. The Beatles changed the fucking WORLD! And are still an icon to this day. Who the fuck are you?!?!?,1
oh and go blue whale watching. forgot to say.,0
I got a gigantic  bad ass pizza cutter.  It's not just for pizza anymore.,0
I need to see how this ravin rabids game works first. It'd all have to be in the ass moving. Maybe not moving enough = bad oral?,1
Me will be snoring in about 10... tired. I woke up at 5  damn it all,0
I work in McCormick Place & hate the commute to nwi. You probably wouldn't even need to rehearse with the repetitive repertoire.,0
holy fucking jesus mother  gad damnit WTF? wow.,1
really? Thank fucking god for sleeping pills!,1
dude  that pic of you in the Gold 2009 flyer looks like a friggen glamour shot  fag. hearts!,1
Eff yeah! give @jeffreyparadise and @richiepanic a slap on the ass for me,1
you are fucking killing me. Please come to a party at my house next time yer in LA. Rice pilaf will be ready,1
I swear I had to really force myself today. hate days like that!,0
It really sucks  most come on due to too much stress. I cannot control them. It has ruined a lot in my life  but keep pushing on!,0
I hate Heidi and Spencer!!!!!!! I want them off the show!!!!!! YUCK!,0
I hate to open the flue after a long fall. We get birds or dead squirrels...totally scary!!!!!,1
Damn it all... I hate being trendy! LOL!,0
depends on how much you hate fighting w/your light. I read in the car a lot while hub drives  so very worth it to me.,1
thanks. it's part 2 we got stuck on. The rolling didn't seem to work. I'm a loser :),0
he won't wanna pet the guinea pig?,1
i'd love to visit (or live) in san diego cause of yr round warm weather. i hate cold so bad. crowds n traf would b my probs there,1
no prob  but watch out  it's fucking addictive!,1
re:fuck the creative industries blog post (at squares of wheat):I say:Waaaay too much empty rhetoric there. Be the Change ?,1
yeah gymboy  time for you to fuck those weights and do some plyometrics,0
damn that's quite a long code...but  one thing I can tell right now is that STDOUT and tty output streams need not be same,0
u take CNN's word over mine? damn it. already told u that. ;),0
Did...I mention that among my new disciplines are Dementation  Dominate  Presence  and Obtenebration?  I am fucking AWESOME.,1
I *really* hate housework! Then again  it was great waking up to a clean LR & kitchen! Maybe I should do it more often... :-),1
I've been wondering that myself. Its been down for quite a damn long time... @tqbf any comment on that?,1
well damn we should have had a tweet up. I was at Kona last night as well.,1
ouch! Hope your alright! :S I hate Black Ice  Almost broke my arm on it the other week :P,1
word? oh damn! didn't expect that response,0
ah damn Sosa not the Bumsquad fam.......Hopefully you didn't drop $600,0
I thought 7lbs represented the weight of the burdeon on his shoulders. By the way the movie was pretty damn good wasn't it?,0
You have waaaaaaaaaaay too much free time! ...but that's damn cool!,0
eeeeew  I wanna cum ;),1
damn shame right? Specially since there's so much uncut dope out there!,0
hey- finally managed to book the damn tickets online- took me over an hour!!! PVR sucks.,0
 AAYE!!!  richard gre is NOT gay-re :P,1
fuck yeah bra,1
damn them! I'll link to another,0
nope can't deny that sweet face or lil schnauzer w/ ears~always wished Hildie had her pig tails~how is cropping still happening?,1
Hey~~Happy New Year new friend !! enjoy the movie~ think of me when the crazy proff shows up..damn...can't remember his name,1
oh DAMN.  I should be SO much more sophisticated  but that IS a cool #song.  OK  except that last bit.  eep.  a little too #MS,0
the new MacBook Pro?I am getting used to the tapping. I hate the way new track pad clicks. Too loud. Too hard to press.,0
if Santa's magic dies  he just becomes a regular old fat guy in a funny looking suit taking a 747 back to the North Pole,0
damn!,0
aww damn!  I think we need to kick him out the league!  LOL,0
#NAME?,1
also need to know if it is needle free as belenophobic husband would freak.,0
BOTH ARGHH!!!! I'm gonna nap cuz I'm emo right now.,0
 GOOD! Now u can bring ur happy lil' ass over here & help me finish hanging this garland.  ;-),1
 Damn him!!  Oh well...worth a try.,0
Guess there wont be much skidding then. As is said hope you're on the ground floor or everyone will hate Green Grass and High Tides.,1
My friend is gay so it was kinda perfect - he said I could shop all day and then we'd go out. And no putting out! ;),0
I have family flying in soon. Also I don't fly O'Hare in winter. My new rule. HATE. He's at a nice hotel though. :/,0
"I'm not sick  unless by sick you mean bad ass. In which case I am totally sick. Sick with a ""ph"" yo!",0
The FA50 is a low key ultra here in ATL. It stands for Fat Ass 50K. Loop course  so you could do 25K...Half Ass.,1
I hate when that happens!,0
 me too!!! I also hate closing then opening then closing shifts that gets me all out of wack.,1
I knew it wouldn't freak u out when ur time came!  Capture it if u can.,0
"says ""no more pizzas for the situation room! or else we will be fat when the war is over...""",1
dammit I need to get an iphone. no  damn verizon...,0
no kiddin! I hate wedding planning mania.  probably the reason i got married by a justice of the peace with two witnesses.,0
hangs longer than u while u lay there on ur ass! 1 day u gonna look back @ these days & ask urself where did ur life go?,1
you're damn right I did,0
I never thought of it that way - but damn - that IS a good name..,0
He was a poodle of some kind. Toy maybe? I remember his name was Jack. So damn cute I wanted to just pick him up and squeeze him!!,0
dude  you must earn  or have a lot of dough to shell out 50usd a day! Damn  that's serious!,0
I slept horribly. Kepted waking up every hour. Kept tossing and turning. Argh I hate having to work today! Time for cardio!,1
it's pretty bad ass YO!! and the guys that run it kick ass too,0
if you can get me a signed copy of Jordan's book....we'll pull some qoutes during shows.  That guy kicks ass muchos muchos  wow,1
"lol...I might...sun isn't up yet.  Busy  multiple projects and people ready to kick ass or ""die tryin"" :)) wErd",0
wErd... you pick out (2) kick ass hip hop songs and we'll doit yo~,1
niCE that totally kicks ass!!,0
damn skippy trippy :),0
hola! Orli ... we are www.LuckyStartups.com looking to interview some kick ass peeps in Israel... you up to it?,1
yeah  I did that a few months ago. How's your show doing man?? looks kick ass!,1
 man! I have an idea that you will LOVE & HATE!!,0
Thinking about response/actions. Have decided its not going 2b ideal 4 anyone. Its sticky bc its family. Theres love/hate/dislike,1
Not talking about incident but more so the attitude that I'm gonna bitch & make a comp do something on a subjective matter.,1
she doesnt want to scar you for life like i could.  cant talk her into sending you the video of they guy with the jar in his ass.,1
when can I meet your uncle??? Maybe he could give a wiki demo to our loser peeps!?,1
is there a good intro to cucumber+rspec? the wiki sucks.,0
 when i was young  i used to hate terry preichet!because i compared him to tolkien... pretty dumb in hindsight!,0
I hate how the corporate world wants americans to shave everyday.,0
what a coincidence! I'm wearing my fat jeans today and it felt like they were my skinny jeans!,1
sucks  don't it?,1
It's just so damn cute. even the ghosties that KILL YOU OVER AND OVER AND OVER AND OVER.... *ahem* are cute.,0
Damn  Thats out of reach for me now. Thanks anyway. Ever tried this ? http://camstudio.org,0
doc's a dick.. ill manage without injuring myself.. self inflicted pain would be desperate..which I think I am.. Siiigghhh!!,1
Agreed!  Twitter showed the way with the whale ;),1
No- shopping isn't what sucks! It's the crowds that cause the trouble. haha! Love your website btw!!,1
FUCK YEAH BIOSHOCK! Tell me how the apartment hunt goes!,1
Thats cause they are School Girls! GAY!,0
and also jus my lappy is gone so m usin last fm...othrwise who gives a damn...once its bak i'll hav all the songs so bbye last.fm,0
Merry Christmas to you too  Casey. For tomorrow. Er  or today. Grrr  damn time zones....,1
Are we going to see an appearance of the 'fuck me' boots? :P,1
Sounds more reasonable. I hate having to buy 8+ presents for my very small family alone. Soulless Myer gift cards FTW,1
ugh that sucks. Its good she cares but still I'm sure you'd be ok.,0
"Kelidawn me too! I hate putting it away just s much. But i do luv the way it smells when it comes out the dryer!
Ashley",0
Wtf. Fuck you,1
damn you! was there grape? please tell me you've tried grape. its the best!,0
damn I wanna go Ms Baker  too!,0
damn I wanna go see Ms Baker  too!,0
You should had me do that cleaning. Damn.,0
yeah  but are they stealing them from those damned stores that hold the poor things hostage in windows? i hate those stores,0
Lawlz. yr a bitch. hoe.,1
Sorry you bitch punched TEO.,1
oh no  I always try to make my desk look neat. Fail whale. There are always newspapers piling up  cables are worse!,1
Funny I always thought Job Security is dependent to how much ass you can kiss? (wait I guess they are one of the same if you think..),1
Damn him!  I had my milk all ready for some dunkin',0
Oh I know. It doesn't hurt to have one of the richest woman in the world actually hate you. Elvis had the Memphis Mafia. Oprah...,1
that sucks.,0
I hate to say it  but  I'm day 14 :( That is the only item both my kids have in common on there Christmas list this year!,0
it's cuz twinkle sucks :),0
have a safe trip  planes freak me out :(,0
Will Tweetie ever startup/refresh with the last read tweet like Twitterific? I hate scrolling wayyyy down to see tweets i missed,0
Lol  I'm not enough of a LOTR nerd to need to install Tolkien fonts. :),1
it was a good show...dude!  Did you call in gay  rotfl,1
hmmm....or do they hate you because you didn't let them join in the parranda? Nah  probably the corp council thing,1
LOL Hon  I have been saying for a while now that this boy will be gay. It really bothers the hubs when I do  so Im tryin 2b good,1
"lol exactly. ""Hey guys  how about a 13-sided paralellogram? THAT'LL fuck em up!",1
Yeh  but every nerd like to think he/she is devastatingly good-looking  as revenge on those who snubbed them. Trust me  I kno,1
Gee  i might if the person running this hadn't been such a bitch to me. I'll focus my efforts elsewhere  thanks.,1
haha you'd think so right? I AM giving something away though i'm just surprised cause it's that high..my sqz  pg honestly sucks lol,1
Ahh! Damn! Thank you! Is there any way to show them?,0
heh i'm a thunking (friggin hate that word - 'thunking' how daft - anyway) - is it a CON?,1
oooh no be well that sucks - i know :-),0
 i just fucking beat you!,1
HOLY FUCK! that was one tough fucking cow!,1
to bad i am the god damn WINNAR!,0
yeah i know but its also too bad about the children ya know BECAUsE I FUCKING WON!,1
ur telling me! Especially out on the back roads in east bum fuck!,0
Heh  his name's Jeremy (stupid little nerd  but he's up for any challenge.) And he's about to break  anyway.,1
you are gorgeous as fuck.,0
ouch that sucks.,0
hippies hate that stuff... too chemical-y. This is true when used in ENORMOUS amounts.,1
Yeah  do you believe our kids hate steak?  When we have steak  they eat lips and you know whats. LOL,0
Damn girl  these are CUTE! http://tinyurl.com/8d8v8c,0
i have to go inside of you tomorrow. i hate myself every time i am in you. i feel cheap and dirty.,1
I think I have the same nasty chest cough. It sucks.,0
know you have the Yahoo T&C story too... damn what are they chasing the few customers they have away now?,0
- thanks for following Austin Girl's @fatbastardrules. Fat Bastard  loves pink stilettos & pink iPhones. Not afraid to  ...,0
#NAME?,1
"(RT) Fat Bastard (my beagle) is writing his ""tail-all"" confessional diary about online dating...",1
- Austin Girl & Fat Bastard are giggling with anticipation over Kitty Kat's Halloween pics!,0
- Fat Bastard sends hugs for retweet on Austin Girl blog: http://austingirlblog.wordpress.com (need feedback on writing),1
- Austin Girl's Fat Bastard (Beagle) fibs on reading diet & exercise books  really reading 'Guide to the Best Chow in Town.',0
#NAME?,0
jizz in my pants is old news nigga. Keep up LOL. instead of doing it locally just come over early and do it here. Fuck local shit,1
@lastlee...that movie was good...not boring...very gay....but equally good,1
I WANT TO...but i will be in vegas....FUCK lol...i wanna go see the wrestler...its in SB i assume? gimme the details,0
fuck u and ur early screenings...jealous...prepare for tuesday mash...im coming with woody to freebirds/mash,1
cant wait to get FUCKED THE FUCK UP,1
well if they hate you  are they still considered a fan?,1
Lucky u! Its summer here in Aus..bloody hate it when it gets over 35c...wanna swap? Ill make a snow man in thy honour! lol,0
I'm kinda meh on it--It wouldn't even be a contest as Madonna would kick his ass while he was running around screaming.,1
well I try my best. SOCIAL media..keep it social damn it!! peace love and happiness leslea =),0
ok I take you off of my hate list and send you hugs  I am in business..this is my alter ego. mwahahah,1
http://twitpic.com/rt32 - omg :/ sucks to be u. hope u got some good tunes going makes it more delightful to sit through.,1
do you mind that? i hate that term.,0
it's one thing if it's my friends using it on me  but I hate when 23 year olds message me on OKC and call me that or Older woman,1
thanks sweety. Loki just rubbed me in with Ben Gay before he passed out for the night. too.,0
that would be one shocking pussy lol,1
 Totally agree with you.  Fuck Prop 8.  very cool that apple came out publicly against 8 on the website.,1
u know  that's what I hate about Ohio  seeing grown up idiots in shorts when it's freezing outside :0),1
I'm surprised you hate this movie so much - um  what exactly is a good movie for you?,0
"oh man that was a funny tweet. I'm in tears over here. Hahaha. I hate mac ""genuises"" soooo much.",0
fuck yes,1
smart ass - here http://thetyser.com/,0
oooommmmmmmmg im watching biggest loser and i dont know who to vote for who are u going to do,0
hey hey Biggest loser couples starts on tuesday,0
that's the spirit! kick ass!,0
no. no. no toasted ass. kaya toast please! :D,0
he was yelling at me that golden axe sucks  I have to play castle crashers. Which is the same game but newer.,0
:) if she is a dumb hoe why'd he put his cock in her?,1
still nothing.  Lucky for you I have the free time to hop on twitter and remind you that you still fucking owe me.,1
charter sucks as is nothing but trouble - att needs to roll out uverse faster!,1
right now I hate you and wanna be you at the same time... Such a weird feeling. Btw  Dirty Sexy Money rocks ;-),0
 how is your blog? Your blog makes me hungry. I hate cooking  but like eating :),0
"btw -  quick disclaimer  in general I hate 90% of the ""believers"" I have met.. especially christards.",0
did Santa cum n visit u huny?,1
nice voicemail... i didn't enjoy it cuz i am a bitch.,1
summer workout tape? How you gonna workout to Kanyes depressing ass album  ok  maybe 2 songs,1
today its warm though  crazy ass Cali weather,0
I hate it when that happens. I've been yelled at by many bus drivers in the past.,0
Well I I said some words about Pollgod that i didnt mean because a SP member was being a fuck head lol,1
i'm with you on the new yrs res! i'm 10lbs chubbier than i was 8 mos ago and i ALSO thought i was completely immune to fat! :(,1
Oh  you bastard.  You couldn't wait until I'm not busy.  I'll probably catch the tail end again.  Damn it all.,1
"on todays burn the fat blog. Did I strike a nerve? http://tinyurl.com/69xzth "" A-Bud: I thought it was dead on.",0
CAAAAARRRRBBBS & FAT - yum  thanks for sharing ;),0
How is the Loser episode?  Lotsa crying??,1
i hate it when that happens :(,0
I am Dutch ;) Over here  there's a difference between the fat ho-ho santa and st. nicolas (sinterklaas).,1
fuck off!!!,1
that was when wrestling was bad ass. Raw is war  against wcw,0
ducking ducking ducking. Stupid ass autocorrect,1
DAMN TJ  You getting called out in songs now??!!,1
Damn!! Thats cold! The reason I'm always there for my kids!,0
LMAO!! I aint gonna front  shit did look kinda moist! Ol Duncan Hines Ass!!! LOL!!,1
my programs is telling me the same damn thing. WTH!?!,1
I prefer no doz pills washed down with coffee to get my ass movin.....,0
I wanna see her tall lanky ass playin tennis  lol,1
who ruined your day im looking for an ass to kick 2day,0
The guy who runs it is a major dick  underpays or doesn't pay models. He's harassed me and belittled me.,1
something about piss should do. or zebras.,0
oh blah. I noticed the used look  that's easy to do but damn... green?? ARG.,0
Yeah it was four years ago  but I have a long memory. I also still hate the Avalanche even though they've sucked for years. :},1
Grew up a Habs fan  which meant I had to hate the Leafs when I moved to Toronto  which meant embracing the Wings.,1
Wilt fresh spinach with hot bacon fat and top with bacon!,1
 Graphic novel class? I hate you but I love you but still I hate you and oh yesh  Hows ya boy JImmy?,1
:  that sucks!  well  maybe not...  maybe i can get some things done before you start buggin' me. ;),0
good point cause I need someone to take care of that damn pony,0
usually  if I am at the point where I'm ready to say something mean  I will click away. I hate mean people.  hate them.,1
I've had a few 'fat' comments.  yeah  cause I claim to be thin!!,0
damn  man. those look like some good eats.,0
yes  it's winter time and i'd hate for her ears to get cold out there on the ocean city boardwalk.,1
if we can get a big enough turnout. i can line up some sponsors for a kick ass reception. we've got till then to grow the #tpt,0
lol....hate when movies get the poker wrong.,0
Now I know you're really are GAY!,1
Me?? Hairy ass??? WTF?!?! I would laser that shit...,1
Damn! Wish I was there!,0
I have no doubt that there is a problem there  it's just not the only problem.  I hate mutilple variables in a problem!,0
which keyboard do u hate? I hate iPhone keyboard. Yes touchscreen is cool but I WISH I had actual buttons 2 push! Less typo's,1
write more books  sccessful new venture with me  &bring fat fat 2 L.A. so we can hang out and buy our sons a bunch of cute clothes,1
Fuck you  McGaffigan. I WANT TO GO. NAO!,1
You can stop voting now. Holy fuck. If only McCain had you on his side  and you were 18.,1
You bash Nickelback  but you listen to Staind? WTF?! I hate both  btw.,1
I nominate @Badhorse_ for a Shorty Award in #green because... Why the fuck not?,1
Damn  they had frontiers there! next time. have you seen The ordeal?,0
Joanne Angel? You know how much I hate you right now :p &lt;3 XXXorcist,1
I also lost my wallet over the weekend! its sucks  in my case I was just dumb and appear to have dropped it somewhere...,1
dunno  I just saw her go at the top of stairs; It seemed like an ass slide.,1
It's just crazy. This boy is fucking up my sleep schedule. Probably why I don't mind too much. ;),1
Andrew was being boring before so i stopped watching. Damn  he has been on forever  haha.,0
i hate you for making me google that.,0
"RE: Hugh's daughter.  I just hate to see when a female CEO step down and says it's so ""company can evolve"" AAARRRG!",1
like tha new 50 shit fire.  finally sum club gangsta shit i neede that!!! hook is catchy as fuck and 50 whas rappin good.,1
Alyssa Milano is off tha market!!!! DAMN!!!! LOL,0
i fuck wit u.  u got skillz homie.,1
-- damn fool. you're a 247 workhorse!,1
#NAME?,1
-- damn homie ... in highschool you was the man homie. fuck happened to you?,1
--- that shit right there fool ... is FUCKING TIGHT!!!! --- http://tinyurl.com/6fro26,1
no. ur 13 get the fuck off the internet and get back to playing with ur easy bake oven. stupid parents buyin brats iphones.,1
notice they waited for me to leave before they kicked gordons ass. ps 90min wait at border.,0
if Q is there tell him he sucks. He's dark and plays suspect lol,1
BET sucks  except The Wire reruns,0
thats the only set back  and its a bitch to send ish back,1
blocked. What a fucking load of old shit.,1
lol the fuck what concert was that,1
because I hate you. The last one I rewrote cuz there was a typo and it was bothering me,1
oops but you're forgiven. Hope they win. I Never had a good exp. with a shelter  they hate us military types. Glad you did though!,1
fuck yo couch,1
ground her now and she'll kick your ass lol,1
cool. what kind/speed is it? my 500 has about 60 gigs left and i hate deleting things,0
can't make up my mind. Go out w my girl vip style and leave the dog home alone till morn  stay in or go to a gay pj party,1
Oh  Hannah  I am so  so sorry for your loss. I've done the deathbed vigil and it sucks. I hope your pain eases with time. Love,1
Happy birthday you damn sexy hobo!,1
I'm celebrating and drinking to the fact you're an annoying fuck :),1
I'm doing nothing. I was thinking about going to the Flaming Lips concert  but hate going alone.,1
No  you  I hate you (because of PES :p),0
damn! Next time It will be correct  I promise ;),0
dude the talk about universe at #LeWeb is awesome. As a nerd guy you have to watch it,1
Make it again.  I'll post on it.  I have lots of micro-hate.,0
Jerry IS Cowboy's problem. He won't hire real coach  'cuz then the credit wouldn't go to him. He's poster child for attn whore.,1
Safest not to get on the airplane at all  IMO.Hate to fly  though going to grit my teeth & do it again in Feb after 8 yrs. :-(,0
u r pussy. lulz.,1
damn I missing the leak! At a bar enjoying this ice storm.....an iphone work perfectly,0
damn it  i miss having pets now!,0
don't you just hate that?! Especially when it is over the most irrelevant crap,1
yes. Freakin 17 and in college since i was 16 ugh! It sucks. Hah,1
damn it  i'll trade you!,0
ya  so am i and i stay fat. Evil! You're so lucky. Its unfair!,0
oh.. Hmph  that sucks. My niece just tried to open one of my christmas presents.,0
Then why u cryn? Hate'n on me.,1
LOL ... no ... a very large dark sausage-like-thing made with pig's blood and spices. Surprisingly tasty despite that :),0
If it wasn't for AT&T's spotty network  I'd switch in a heartbeat. That's where Verizon kicks some serious ass.,1
you fart like a fucking bass drum lol,1
fuck looking cute  i'm strictly Timb boots & army certified suits,0
what da drilly wit dat do! ...oh  and i STILL got distribution in Japan...damn  that chick was the worst that night,1
yeah  but w/ that running time u'll be there 2morrow. that mmovie is long as fuck.,1
damn bossman  let find out u got 2 jobs. what are u  a single parent or somethin'?,1
not to piss u off  but I got a cut yesterday.,0
I'm not getting the firewood...its saturday  damn it!,0
"no-sign. i dont fuck with ""rats""",1
got damn  this dudes flow is boooooring. *sleeps*,0
got damn man. that's nice!!,0
Penn (shitbird) & Teller (I hate them. A lot) vs (the irrisistably awesome) Jamie & Adam? Sorry  is there even a question in there?,0
...they're fucking jeans.,0
http://twitpic.com/s13a - omg i hate scottiethehottie!! he is a retarded spammer!! he is photographer08 (it got deleted ...,1
no fuck you,1
Must Hate Hitler.,0
Wouldn't know Greys if it bit me on the ass. I think she's been a supporting player in some ish I saw already. Total b-list.,0
I don't bother arguing that about Bush anymore because people who admire him have damn near no power post-2008 elections.,1
do you think you are nudging me to change my update...WHORE NAILS!,1
thats what you get for being a fat ass....FAT ASS...,1
I HATE YOU!,1
i've been on twitter 1 week and am about 20 shy of 500. does that make me a loser? LOL LOL LOL,1
alybrooke i can! I hate shopping!,0
FUCK YES!,0
well either wy thy like dick wayyy to much.,1
omg son i JUST figured out how to reply to youuuuuuu. i hate this lmao,1
fail whale?,1
cluster fuck indeed.,1
"- you can trust me to do my part to help @adam_callender win his ""biggest loser"" contest.  ;)",1
Dang I hate the little buttons. GO BACK ONE TWEET!,1
ironic - I normally hate plastic 4 environmental reasons- this time  it actually saved some of the patterns from the wet grass,1
God Damn !! Ok ... How about Peter Duncan then ?,1
Fucking useless ... Sling the Disability Discrimination Act at em !!!bloody terrible !!,0
damn you overload issues! :(,1
that's killer. Wish it was even cool here. But it's been damn near 80 most of the week. No where near festive temps.,1
"ugh  yes. I am a consumer whore... ""and how!""",1
hahah! OMG  that was the creepiest clip of crazy I've ever seen in my life and I hate that part of the trailer! AHHHH!,0
SHUT THE FUCK UP!,1
i hear ya. iPods can get annoying with that damn clicking noise!,1
dude...if u didnt tell me how 2 do this fucking thing(twittr) i wud prob still b lyk nowhere with it!,1
Don't you just hate deciding on things.,1
"eddie izzard says the brits pronounce ""herb"" with the h ""because there's a fucking h in it.""",1
I feel like such a nerd watching this! I LOVE IT!!!!!!!!!,1
oh I hate auto DMs like that!,0
that sucks.  I heard about their closing a few months ago.  They were a great group of people.,0
#NAME?,1
that sucks  how many dogs? ...2?,0
wtf? That is so gay.,1
Would you believe the same article said eating less helps us live longer  too? Damn those scientists!,1
"YOU""RE A GAY!? .... =) I &lt;3 you",1
There's some dude at this bar that totally looks like you. Should I kick his ass for impersonating?,1
all these awesome people just flock to me. Guess I'm about cool as fuck.,1
Heh! Parcells is a bad-ass who knows how to help you to find your inner bad-ass. Hey  that sounds like a book.,0
Thanks for the DM...I hate them 2 but another player over 100 million...that makes 5...Deep Pockets???,0
@KitchenGirlJo what's the fail whale?,1
oh LOL I use a client so I never get the fail whale :-p,1
could be that I'm not typing hard enough? happened a lot more when I first got this laptop about 3 weeks ago. Sucks ass,1
you're a fucking bully  man.,1
damn son,1
fuck the world? Or for the win,1
http://is.gd/brVS (iTunes) or http://is.gd/b4yp Antrel Rolle previewed today's MIN game on the Best Damn Sports Show Podcast.,1
I'm fairly certain you'll be seeing more of Kevin on Best Damn in the coming months.  At least more rants  if nothing else.  :),0
Damn  I'm working @ home this aft or I'd drop by (my office is right near there). Don't suppose you'll be there again tomorrow?,0
absolutely nothing  being the point :P and i have gay exams tomorow  i really should use this time to revise....but arts more fun,0
oh come on. I mean  we all love to hate MyZou  but it's one thing to hate MyZou and another to take a time machine to the 70s.,1
no i dont! He does. I hate his guts!!!,1
this makes mme smile lol. I hate him. But we still dont bring him up bc to us he is dead and non-existant.,1
i hope so that way i can fuck him over continuously.,1
your a effin cunt! Ihu!,1
dont hate hun.,0
@inworship let's not start with the gay stuff  I just watched Chuck & Larry!,0
dude that sucks man!,1
I meant a smiley face - darn fat fingers. I love your goal.,0
Srsly  me too.  He is such a fucking dreamboat.  I still spazz out when he sings EODM in Watching the Detectives.,0
Im glad to meet someone with similar FREAK gifts to me.  haha,1
read the emacs-rails codebase and then see why emacs is just damn cool,1
damn  now I have to go for a run ...,0
damn! nice to hear someone playing Q3A! missing it. Try a game against Xaero and let me know :P - Grunt laugh-&gt; grr..Ha-ha!,0
omg omg omg! finally the shoes r coming out yay yay I want them so so so SO BAD! =) fuck cancer! =) this literary made my day,1
http://tinyurl.com/6d4a86 so fucking CUTE!!!,0
http://i120.photobucket.com/albums/o163/kelcee247/0000diesal.jpg oh craig! damn him & his sexy hips lmao,0
god a free cure show! damn!  I didn't know about this & I live close! ugh lucky lucky how was it??,1
"Girl  talked to Black Milk on the phn for an hour. Watching ""Big Bang Theory"" drunk as fuck  eating cereal & its cold in the D.",1
Damn  I only got 1. I'm gonna get a complex now.,0
Are you out celebrating your birthday? If so  a birthday drink is ok! But don't forget the marathon. I hate being such a stickler.,1
dude I'm still pissed about that damn movie,0
oh yeah we'd be soft  fat and happy LOL!,0
Damnit.  I've started a new short story.  About a dentist. Fuck.,1
All of my friends are married gay  or have been burned so badly they don't want 2 even think about another relationship :o( I've,1
"Well  if he's a pussy  he surely isn't that man of ""substance"" your looking for lol...Don't settle when you know you want more.",1
the fail whale?,1
Damn  you've had more jobs than  um  er  well  you're just always employed! lol,1
lol maaan-fuck this!! I almost busted my shit like 5 times tryna walk on this damn ice!!,1
burger in each hand? Wut a fat ass!! Lol,1
"yo I only peeped the last 30mins-and I saw here and THOUGHT it was her but figured ""naaah this bitch looks way broker"" lol yikes",1
hahahaha damn right!,0
awww man e'rbody coolin' my wild ass brother was buggin earlier  so i went a drunk a 5th to the head wit my cuz bout noon but,0
Yeah! id do her like my nigga did them white chicks at the club on Knocked Up...I fuck the shit out u old bitch but no clubin,1
yeah she pretty cool but she got moments where i be like ehhhh idk! now id fuck but the ass lick wud depend on the nite,1
Son i just got finished watchin Big Mommas House...WOW!!! She damn sure can...and she a MILF so thats a bonus,1
yep ur an uber nerd now,1
Hell yeah I cried... a world without buffy is a world without hope... Sarah michelle gellar too damn beautiful to die hee hee,0
and @rapperbigpooh. Was that Sheila easton? Nah...it was that chick that used to fuck with Prince right?,1
Damn fucking skippy. I'm onthe same shit,1
damn! Should have dome that,0
Oldest son just turned 19 months and youngest is 5 weeks old. Damn dude  u look too young to have a 17 year old! :),1
You have serious iPhone keyboard accuracy issues  krk! or really fat fingers.,0
Tough time of year to keep the weight off. Without my bicycle commuting  I'd be hosed. Road bike has some dust on it. Damn...,0
I have that dream.  I have the gay husband already  but apparently he's missing a gene.,0
Bill Donahue? Seriously? Ask him why he uses hate speech against gays  women and Jews and maybe I'd listen to his complaints,1
I nominate @BadEvan in #personal because he's local  cute  gay  and an interesting Twitter user.,0
I used to do the shopping but when my wife stopped worked a few years back she took over. It is just damn cold until April,1
It's good to know that even people within Marvel hate Gambit.  It gives me hope.,0
lol I know. I'm not a damn fool.,0
damn.. Intense.,0
haha don't hate on my mad skills.,0
not a fucking problem for me :),0
I just got done busting my ass for the day. I need Booze!,1
me board and not feeln good  From to much parting I hate Being alone times like this. I like boys ;-),0
I nominate @IgortheTroll cuz he's thee Best Damn Troll we gots!! ;)),1
thats why I hate megavideo.  I'll see if I can get someone to update the episodes with an offshore video hoster.,1
What a cunt!,1
that sucks loxy. I wish there was smtg I could do! Is chury back in cgy as well?,1
who u tellin i hate doing them im doing them now i was suppose to be orff an hour ago.....,0
and the arabs pussy count reaches 250 million. There I said it  we're all a bunch of pussies. No offence to the pussies,1
That sucks. I am sorry  want me to vagina punch her for you  since I am sure you hurt too bad to do it yourself???,0
 DAMN mood swings..,0
 yeah  its seems like most of the time unexplained highs are related to a bad site or fat delays,1
duh! fat fish and winning the lottery go hand in hand,1
true that. with more fat.,0
#NAME?,1
-politicians should have to pass an ethics exam 2x yearly. I wonder if that's a piss test for them?,1
sorry about that. I understand  it's my epic failure in my  parents eyes. I will be forever fat to them :( don't listen to them!,0
ah traffic sucks!!,0
I think that's another one that I haven't seen that makes me eligible for gay card revocation,1
Ha LOL. Don't worry. Josh and I don't exist on the winner or loser side. And the Pix.ly logo is on the loser side though.,0
LOOOOL TA PHOTO =D !tu as aim&#233; silvester ou pas ? :S jamais bourr&#233; ensemble -_-' mais trop ch&#232;r l&#224;-bas LOL et le GAY MDR ! lieb dich,1
Alors NERD s'&#233;tait bien ? vous avez du &#234;tre folles pendant lapdance XD &#224; SAMEDIIII &lt;3,1
np you are happy with the service? do you have anything to compare to? I hate 3 not working out of cities. and whirlpool likes exe,1
is any of them super bad ass?,0
lmmfao! Shuddup! Any grown ass man that let's other grownass men call him Timmy is gaaaaay!,1
both  think I liked the first one better. They both beat Harry Potter though  that damn rubbish.,1
look im sitting at home twittering my ass off on a friday night. I should know better then anyone  lol,1
le gasp! I'm so jealous  I fucking love NY!,0
lmao damn right but we aint talkin bout me here,1
Dang Id hate to see whats in Twinkies!,0
to expect a 20+ mpg auto that does not look like a God damn Easter egg or roller skate  that is unreasonable. ;),0
take yo ass to bed....lol!,0
I HATE ART COMPLETELY! Did you have to do design and expressive and all that shite? I hate it!,0
I fuck wit the lows if there dope...but I know y'all got me fam I ain't trippin,1
lol britt just said it look like a big ass pillow fight outside,1
Wow  that sucks.Merry Christmas to you and your honey (wow  we are both celebrating 'firsts' on that one) -The Bs,1
sucks that the rule is when u sell property back u lose a bit,0
Damn skippy. I demand to see you before I leave.  You going to come meet BlendMom?,1
Thanks for your kind words about Sincerity Sucks. That's always been one of my favorites.,0
Damn. Wizards beat sultans every time. I'll have to try harder. ;),0
Oh no! That sucks!,0
"Wrestling with this 2. Yeah I'm different. This wk I decided  ""Fuck all that."" With some  I'll work hard to explain. Otherwise..",0
Arsclan would freak on u.  Tower Def. is build series of midieval like towers (upgradable) near a pathway of continual attacks.,1
Some liberal gay atheists or Republican fund raisers should jump on that. ;),1
what are you gonna stab a bitch with? scissors? knife? spear? sword? cock? pencil? dildo? cattle prod? broken glass?,1
I once let a Delta Chi fuck me in the ass in Raleigh  NC. He took me to Bahama Breeze and that sealed the deal- doesn't take much.,1
"are you sure they weren't looking for my blog w/ ""wine bottle in ass""??",1
is nibbling my ass while i sleep. i'm into it.,0
just so you no  my ass hurts more now. right where the leg meets the butt.. the cup-able part.,0
i like to fuck when i tweetup.,1
i haven't been fed cock since saturday morning!,0
or pussy.,0
$10 for water is better than the throat fucking i got for free the last time i was there.,1
better give @dochobbes the #nerd prize. he's the nicest nerd i know.,1
dude the ep is sick..Pussy and Tween Me & U are my Jams..,1
LOL I did zackly same thing! BTW thanks for leading me to @ChipEFT Just reqd Born Loser's Guide to Abundance! http://rurl.org/18kr,1
"The ""That's 'Smart Bitch' To You"" one.",0
Long day?  I hate meetings.  I HATE them.,0
That's pretty cool.  My first exposure to the concept was gaming in middle school.  I was (am) such a nerd.,0
"you just love Plies ""fruit snack eating ass""",0
they waiting for an Xbox or something? damn lol,0
Damn we keep missing each other!,0
damn those Jets!  Hears hoping for happier fucks in the future. *blinks*,1
 My pussy is still sadly missing.  *blinks*  Do you think this will affect my popularity.  *evil grin*,1
 *shakes head @ you for calling Kitty a pussy*  He's a BOY  you know! lol,1
 I work with a very limited bankroll.  When I'm running bad  I HAVE to go for broke.  Now up for the night.  Also  fuck poker.,1
I hate those backgrounds because you can't click on any of those listed links. I find it frustrating.,1
Watch me fuck up typing on my iPhone... Hahaha,0
Yes  there is definitely an element of Bush fatigue in all this. Can't wait 'til we can ship his ass back to Texas.,1
LOL  no  I'm in Utah. If you tell me she has anothe son named Aeddon  I'm going to totally freak out though!!!,0
dat bitch left u lol,1
no fucking crazy josh!!!!,1
no!!!! Ahhh he is fucking crazy hes been killing himself since yesterday still nothing!,1
call me emo again and i'll cut myself,1
i hate that i know some french...and the french you used  was the french i know,1
"@Dncr1804 i don't even know what i did or said that was ""emo-esque""",1
 @ BrettLegree is a genius  really. If he says it sucks  it sucks. I work for myself and still have to use it. :(,0
*twitch* I. Hate. You. J/k.,1
oh man that sucks. I'm sorry. Sucks to live with people who are dirty..trust me  I can relate.,1
im glad u agree. i was starting to wonder if i was being an ass about that one,0
I felt the same way 3 weeks ago. And then proceeded to watch the whole. damn. thing. lol,1
Well  you can send me two and get fat on the rest :),1
I love that one  hand it over  or we'll kick your ass  Santa!,0
Damn you for stealing the heat.,0
you were right  the uv filter that came with that kit sucks. freakin glare spots all over my shots,1
a party bored as fuck. God I need a grown man party,1
it's like gay people using the f word.  somehow  allowed.,1
Damn that is so unfair. Where is the version of Firefox for white  slightly balding men.,1
Can he seriously help me out or are you taking the piss of him :),1
home now. Misses wont let me drink beer tonight cus I gotta do shit tomorow morning.Sucks.,1
man it sucks dont it.On the plane home yesterday i was in agony with the cabin pressure.My ears still are not right now :(,1
So if lifes a bitch  and sleep is the cousin of death  that whole dam family needs help!!!!!,1
I'm scared! Pig in a suit? Were they all out of blankets?,0
tell them to fuck off  give it a few years  then laugh at how much better you are then them.,1
depends on your plan. if you pay out the ass for it  no.,1
 That's a very interesting point and one I hadn't heard before. Copper for elec motors? Damn  I love twitter.,1
that is  of course  if our god damn modem stays synced...,0
agree entirely. I'd hate to see a graph for my twitter input this week.,1
Tea sucks. Recommends 3 cups/night. Right.,0
guy walks in to a bar with a duck on his head. The bartender says can I help you. The duck says yeah  get this guy off my ass.,1
- Nazi and Facist... I could you call you a commie pig  but that's not very gentleman-like #Gaza,1
Damn  it will probably take longer than that. I'll check when I'm at the post office.,0
I miss being here...wish they had corporations here instead of a damn AQUARIUM! I miss Jimmies hotdogs...that dog food be JUMPIN! LOL,1
what club u @? Damn  I fell alseep!,0
dupa cum vezi  eu mai putin cu excelurile  mai mult cu povestile ;o],1
"they do but with pain and limitation... It sucks
Thank God for bootcamp",0
You are so right. I hate commercials. I mute them whenever we watch TV.,0
I nominate @yiyinglu for a Shorty Award in #design because...he designed the fail whale :-),1
do you play? I have kind of a love-hate relationship with that stupid game.,0
Lol why do you do this?! I hate your guts :-p,1
I fucking love Mr Egg! It's saved my life after many a messy night out,0
But now I really want one  damn you! i hadn't even realised I NEEDED one til you told me they existed!,1
I know! Damn it! My apologies  I was flattened by the lurgy til New Year. Up and down to London a lot now so gin WILL occur,0
wait  wait  i know: to drive you insane. have i mentioned that i hate spammers  especially@hkdimon  ones who slip through akismet.,0
is that what's happening? we are freezing here in socal office too. i applaud the plan  but hate the execution.,0
i concur cold sucks  but it rains too much in the tropics  there's no real win-win,0
niiice likewise...sure the boricua gave that away. ah yes we boricuas have good taste (Rob Pattinson) hehe damn sexy brits lol,1
i hate having to wait till jan. for the big game lol tedious i tell ya,1
well that sucks. lol discriminating against WoW players...though i can see the logic,0
My friend has wii fit and it's pretty damn cool. Technology amazes me.,0
would be at least 4gb at a guess. I ain't using it ATM  if you don't leech ur ass off you're welcome to lend it,1
hey I was wondering that too. Kept getting 'no service'  was pretty gay. I used the pennytel app instead  optus's loss ;),0
meh. All year round baby. They're actually growing like fuck at the moment  except for the caterpillar incident yesterday.,1
don't hate on ghajini. It was an awesome movie.,1
I disagree.  You're only a poser if you flaunt it and/or have your nose stuck up in the air.,0
If you're hard at work or just leisurely reading  you're not a poser.,1
...it is pretty damn funny to think that Bush drives people crazy to the point that they resort to throwing shoes.,0
Damn Good Gift,0
Smh I thought Soulja Boy Would Do some Good Numbers....This is When Parents Buy The Most Stuff For There Kids.....Damn Bad Times...,0
Damn...Just been Bad Luck For you lately My Boy hope things turn around for you.....,0
Yea that Simply Orange is That Deal..I be Drinkin That 2..Man I Hate Water its so nasty i never drink it lol...Juice Or Pop Forme,0
God Ashley is a bitch  but still  congrats! :),1
I hate it when I get sentences stuck in my head! It's so annoying!,0
I cry  but then I'm just like that fucking woman is a bitch. God I hate her!!! (Yolanda) I'm getting mad just thinking lol,1
gluten and dairy free mix from @traderjoes . Damn good! i highly recommend.  Silk soy egg nog's not so bad either :D,0
lulz. fat chance!  good news is no bacn from friends adding you :D,1
you should come make that for me! I haven't had lunch today. I feel kinda sick again. That sucks.,0
"Looks like lobby card for ""Ocean's 21: On the Half-Ass""",1
Check @ replies from hahlo  twhirl  tweetdeck et. al. they reply to the user not specific ID. Makes following convos. a bitch.,1
unless Adobe gets their head out of their ass Flash will die because mobile will be the dominant platform.,1
I figured so  but I went with the obscure Peter Sellers nod. Me = nerd.,0
Damn  last tweet was for you :P,0
ok  I like this one...damn I wish we could these here in Oz...ROCKMOUNT FLEUR DE LIS SHIRTS FOR MEN...get the black/silver one,0
#NAME?,0
- sucks for you man. @JennJaye took weeks to get over her latest illness.,0
- I agree. No More SteveNotes. Damn!,0
ah damn...my linksys is v.5  won't work with Tomato.,0
Lobsters and ligatures? Are you a Portland-area type nerd  then?,1
fuck yeah!,0
 touche (i hate getting SHUT DOWN. I guess that's what I get when I pray for humility.) at least I am a better student t ...,1
damn I should check twitter in the morning I guess  I would have known how bad out it was thanks to you! Yet I fell on myass,0
So  it seems you are an attn whore.....no comment. ;-),1
posted the fat man version to the beyonce song.,1
 Bitch  you wish. Keep dreamin... =],1
"ahah! and i'll say exactly what i'd say to him: ""bitch make your own!"" i kid:P",1
lol i think she's a huge bitch BUT she's good at what she does and is entertaining at times :),1
AH! i was too! I hated that bitch. I want Bob or Sugar to win:),1
damn I was also going to say that the girls might be shopping at linens n things,0
"How are you ""fat"" if you have a fairly chiseled face in your pic?",0
I prefer women to be fat in other places  anyway.  Fat toes and earlobes are so cute.,1
I hate taking pic's. How do we know that your pic isn't stolen from a super model? LOL,0
nigella is a bit of a tease I reckon  imagine how fat you'd be stayin at hers,1
well i have other people following me outside of blogtv kiddies. i don't want to piss them off :-(,0
Awesome. I make pretty good waffles  but can't make pancakes to my own satisfaction. Too damn picky about them.,0
I missed that?? damn!!,0
twinface it's ATCQ...your drunk ass can't type lol,1
it's a board game: http://tinyurl.com/8fv8hh - the instructions were so damn complex  that i missed a whole bunch of stuff,0
there only a few shows i really look forward to seeing.  i hate when they put a reality show on instead with no warning.,1
Compared to Eeyore and that stupid bear and that demented pig? I think he&#8217;s fine.,1
"See  I had to google ""cloved lemon SCA"" to figure that out. 

(Fat lot of good my Medieval History degree is doing me these days.)",1
  Hairballs  I hate those things...,0
Who owns one - I just fix 'em! Hate it when electricals go to Hades.,1
totally sucks for him to go out like this,0
unnecessary.  pain in the ass.  too much effort.,1
damn ecoterrorists! he shoulda just rented a helicopter  better for the enviroment anyways.,1
Damn  that's a short movie.,0
Yeah i'm with ya...I hate to see guys get hurt  but it's a little easier when it's Roth..if only it had been Ward or Polamalu,1
Yeah  especially if they're those big-ass soft pretzels. Those things are the bomb-diggity.,1
just read the archive artile on your old site. love the jones comparison. how much hate mail did you get?,1
i forgot 2 call in gay 2day too! blast!,1
We miss you back. My Haiku: Famous Dickenson  Exactly Why - I'm not sure. Her poetry sucks.,1
He was just being a dick in H CoT4  his attitude caused wipes  which made him a bigger dick. It was a vicious circle.,1
hah!!! sucks being in canda! Roland  we have bright sunny skys,0
Yeah  I guess so... God  I hate them. You like the show  too?? Yay!,0
twitter's bugging like shit. my tweets stay on top while your guy's updates underneath. this shit is gay.,0
,
,
,
,
,
,
,
,
,
,
,
,
,
,
,
,
,
,
,
,
,
,
,
,
,
,
,
,
,
,
,
,
,
,
,
,
,
,
,
,
,
,
,
,
,
,
,
,
,
,
,
,
,
,
,
,
,
,
,
,
,
,
,
,
,
,
,
,
,
,
,
,
,
,
,
,
,
,
,
,
,
,
,
,
,
,
,
,
,
,
,
,
,
,
,
,
,
,
,
,
,
,
,
,
,
,
,
,
,
,
,
,
,
,
,
,
,
,
,
,
,
,
,
,
,
,
,
,
,
,
,
,
,
,
,
,
,
,
,
,
,
,
,
,
,
,
,
,
,
,
,
,
,
,
,
,
,
,
,
,
,
,
,
,
,
,
,
,
,
,
,
,
,
,
,
,
,
,
,
,
,
,
,
,
,
,
,
,
,
,
,
,
,
,
,
,
,
,
,
,
,
,
,
,
,
,
,
,
,
,
,
,
,
,
,
,
,
,
,
,
,
,
,
,
,
,
,
,
,
,
,
,
,
,
,
,
,
,
,
,
,
,
,
,
,
,
,
,
,
,
,
,
,
,
,
,
,
,
,
,
,
,
,
,
,
,
,
,
,
,
,
,
,
,
,
,
,
,
,
,
,
,
,
,
,
,
,
,
,
,
,
,
,
,
,
,
,
,
,
,
,
,
,
,
,
,
,
,
,
,
,
,
,
,
,
,
,
,
,
,
,
,
,
,
,
,
,
,
,
,
,
,
,
,
,
,
,
,
,
,
,
,
,
,
,
,
,
,
,
,
,
,
,
,
,
,
,
,
,
,
,
,
,
,
,
,
,
,
,
,
,
,
,
,
,
,
,
,
,
,
,
,
,
,
,
,
,
,
,
,
,
,
,
,
,
,
,
,
,
,
,
,
,
,
,
,
,
,
,
,
,
,
,
,
,
,
,
,
,
,
,
,
,
,
,
,
,
,
,
,
,
,
,
,
,
,
,
,
,
,
,
,
,
,
,
,
,
,
,
,
,
,
,
,
,
,
,
,
,
,
,
,
,
,
,
,
,
,
,
,
,
,
,
,
,
,
,
,
,
,
,
,
,
,
,
,
,
,
,
,
,
,
,
,
,
,
,
,
,
,
,
,
,
,
,
,
,
,
,
,
,
,
,
,
,
,
,
,
,
,
,
,
,
,
,
,
,
,
,
,
,
,
,
,
,
,
,
,
,
,
,
,
,
,
,
,
,
,
,
,
,
,
,
,
,
,
,
,
,
,
,
,
,
,
,
,
,
,
,
,
,
,
,
,
,
,
,
,
,
,
,
,
,
,
,
,
,
,
,
,
,
,
,
,
,
,
,
,
,
,
,
,
,
,
,
,
,
,
,
,
,
,
,
,
,
,
,
,
,
,
,
,
,
,
,
,
,
,
,
,
,
,
,
,
,
,
,
,
,
,
,
,
,
,
,
,
,
,
,
,
,
,
,
,
,
,
,
,
,
,
,
,
,
,
,
,
,
,
,
,
,
,
,
,
,
,
,
,
,
,
,
,
,
,
,
,
,
,
,
,
,
,
,
,
,
,
,
,
,
,
,
,
,
,
,
,
,
,
,
,
,
,
,
,
,
,
,
,
,
,
,
,
,
,
,
,
,
,
,
,
,
,
,
,
,
,
,
,
,
,
,
,
,
,
,
,
,
,
,
,
,
,
,
,
,
,
,
,
,
,
,
,
,
,
,
,
,
,
,
,
,
,
,
,
,
,
,
,
,
,
,
,
,
,
,
,
,
,
,
,
,
,
,
,
,
,
,
,
,
,
,
,
,
,
,
,
,
,
,
,
,
,
,
,
,
,
,
,
,
,
,
,
,
,
,
,
,
,
,
,
,
,
,
,
,
,
,
,
,
,
,
,
,
,
,
,
,
,
,
,
,
,
,
,
,
,
,
,
,
,
,
,
,
,
,
,
,
,
,
,
,
,
,
,
,
,
,
,
,
,
,
,
,
,
,
,
,
,
,
,
,
,
,
,
,
,
,
,
,
,
,
,
,
,
,
,
,
,
,
,
,
,
,
,
,
,
,
,
,
,
,
,
,
,
,
,
,
,
,
,
,
,
,
,
,
,
,
,
,
,
,
,
,
,
,
,
,
,
,
,
,
,
,
,
,
,
,
,
,
,
,
,
,
,
,
,
,
,
,
,
,
,
,
,
,
,
,
,
,
,
,
,
,
,
,
,
,
,
,
,
,
,
,
,
,
,
,
,
,
,
,
,
,
,
,
,
,
,
,
,
,
,
,
,
,
,
,
,
,
,
,
,
,
,
,
,
,
,
,
,
,
,
,
,
,
,
,
,
,
,
,
,
,
,
,
,
,
,
,
,
,
,
,
,
,
,
,
,
,
,
,
,
,
,
,
,
,
,
,
,
,
,
,
,
,
,
,
,
,
,
,
,
,
,
,
,
,
,
,
,
,
,
,
,
,
,
,
,
,
,
,
,
,
,
,
,
,
,
,
,
,
,
,
,
,
,
,
,
,
,
,
,
,
,
,
,
,
,
,
,
,
,
,
,
,
,
,
,
,
,
,
,
,
,
,
,
,
,
,
,
,
,
,
,
,
,
,
,
,
,
,
,
,
,
,
,
,
,
,
,
,
,
,
,
,
,
,
,
,
,
,
,
,
,
,
,
,
,
,
,
,
,
,
,
,
,
,
,
,
,
,
,
,
,
,
,
,
,
,
,
,
,
,
,
,
,
,
,
,
,
,
,
,
,
,
,
,
,
,
,
,
,
,
,
,
,
,
,
,
,
,
,
,
,
,
,
,
,
,
,
,
,
,
,
,
,
,
,
,
,
,
,
,
,
,
,
,
,
,
,
,
,
,
,
,
,
,
,
,
,
,
,
,
,
,
,
,
,
,
,
,
,
,
,
,
,
,
,
,
,
,
,
,
,
,
,
,
,
,
,
,
,
,
,
,
,
,
,
,
,
,
,
,
,
,
,
,
,
,
,
,
,
,
,
,
,
,
,
,
,
,
,
,
,
,
,
,
,
,
,
,
,
,
,
,
,
,
,
,
,
,
,
,
,
,
,
,
,
,
,
,
,
,
,
,
,
,
,
,
,
,
,
,
,
,
,
,
,
,
,
,
,
,
,
,
,
,
,
,
,
,
,
,
,
,
,
,
,
,
,
,
,
,
,
,
,
,
,
,
,
,
,
,
,
,
,
,
,
,
,
,
,
,
,
,
,
,
,
,
,
,
,
,
,
,
,
,
,
,
,
,
,
,
,
,
,
,
,
,
,
,
,
,
,
,
,
,
,
,
,
,
,
,
,
,
,
,
,
,
,
,
,
,
,
,
,
,
,
,
,
,
,
,
,
,
,
,
,
,
,
,
,
,
,
,
,
,
,
,
,
,
,
,
,
,
,
,
,
,
,
,
,
,
,
,
,
,
,
,
,
,
,
,
,
,
,
,
,
,
,
,
,
,
,
,
,
,
,
,
,
,
,
,
,
,
,
,
,
,
,
,
,
,
,
,
,
,
,
,
,
,
,
,
,
,
,
,
,
,
,
,
,
,
,
,
,
,
,
,
,
,
,
,
,
,
,
,
,
,
,
,
,
,
,
,
,
,
,
,
,
,
,
,
,
,
,
,
,
,
,
,
,
,
,
,
,
,
,
,
,
,
,
,
,
,
,
,
,
,
,
,
,
,
,
,
,
,
,
,
,
,
,
,
,
,
,
,
,
,
,
,
,
,
,
,
,
,
,
,
,
,
,
,
,
,
,
,
,
,
,
,
,
,
,
,
,
,
,
,
,
,
,
,
,
,
,
,
,
,
,
,
,
,
,
,
,
,
,
,
,
,
,
,
,
,
,
,
,
,
,
,
,
,
,
,
,
,
,
,
,
,
,
,
,
,
,
,
,
,
,
,
,
,
,
,
,
,
,
,
,
,
,
,
,
,
,
,
,
,
,
,
,
,
,
,
,
,
,
,
,
,
,
,
,
,
,
,
,
,
,
,
,
,
,
,
,
,
,
,
,
,
,
,
,
,
,
,
,
,
,
,
,
,
,
,
,
,
,
,
,
,
,
,
,
,
,
,
,
,
,
,
,
,
,
,
,
,
,
,
,
,
,
,
,
,
,
,
,
,
,
,
,
,
,
,
,
,
,
,
,
,
,
,
,
,
,
,
,
,
,
,
,
,
,
,
,
,
,
,
,
,
,
,
,
,
,
,
,
,
,
,
,
,
,
,
,
,
,
,
,
,
,
,
,
,
,
,
,
,
,
,
,
,
,
,
,
,
,
,
,
,
,
,
,
,
,
,
,
,
,
,
,
,
,
,
,
,
,
,
,
,
,
,
,
,
,
,
,
,
,
,
,
,
,
,
,
,
,
,
,
,
,
,
,
,
,
,
,
,
,
,
,
,
,
,
,
,
,
,
,
,
,
,
,
,
,
,
,
,
,
,
,
,
,
,
,
,
,
,
,
,
,
,
,
,
,
,
,
,
,
,
,
,
,
,
,
,
,
,
,
,
,
,
,
,
,
,
,
,
,
,
,
,
,
,
,
,
,
,
,
,
,
,
,
,
,
,
,
,
,
,
,
,
,
,
,
,
,
,
,
,
,
,
,
,
,
,
,
,
,
,
,
,
,
,
,
,
,
,
,
,
,
,
,
,
,
,
,
,
,
,
,
,
,
,
,
,
,
,
,
,
,
,
,
,
,
,
,
,
,
,
,
,
,
,
,
,
,
,
,
,
,
,
,
,
,
,
,
,
,
,
,
,
,
,
,
,
,
,
,
,
,
,
,
,
,
,
,
,
,
,
,
,
,
,
,
,
,
,
,
,
,
,
,
,
,
,
,
,
,
,
,
,
,
,
,
,
,
,
,
,
,
,
,
,
,
,
,
,
,
,
,
,
,
,
,
,
,
,
,
,
,
,
,
,
,
,
,
,
,
,
,
,
,
,
,
,
,
,
,
,
,
,
,
,
,
,
,
,
,
,
,
,
,
,
,
,
,
,
,
,
,
,
,
,
,
,
,
,
,
,
,
,
,
,
,
,
,
,
,
,
,
,
,
,
,
,
,
,
,
,
,
,
,
,
,
,
,
,
,
,
,
,
,
,
,
,
,
,
,
,
,
,
,
,
,
,
,
,
,
,
,
,
,
,
,
,
,
,
,
,
,
,
,
,
,
,
,
,
,
,
,
,
,
,
,
,
,
,
,
,
,
,
,
,
,
,
,
,
,
,
,
,
,
,
,
,
,
,
,
,
,
,
,
,
,
,
,
,
,
,
,
,
,
,
,
,
,
,
,
,
,
,
,
,
,
,
,
,
,
,
,
,
,
,
,
,
,
,
,
,
,
,
,
,
,
,
,
,
,
,
,
,
,
,
,
,
,
,
,
,
,
,
,
,
,
,
,
,
,
,
,
,
,
,
,
,
,
,
,
,
,
,
,
,
,
,
,
,
,
,
,
,
,
,
,
,
,
,
,
,
,
,
,
,
,
,
,
,
,
,
,
,
,
,
,
,
,
,
,
,
,
,
,
,
,
,
,
,
,
,
,
,
,
,
,
,
,
,
,
,
,
,
,
,
,
,
,
,
,
,
,
,
,
,
,
,
,
,
,
,
,
,
,
,
,
,
,
,
,
,
,
,
,
,
,
,
,
,
,
,
,
,
,
,
,
,
,
,
,
,
,
,
,
,
,
,
,
,
,
,
,
,
,
,
,
,
,
,
,
,
,
,
,
,
,
,
,
,
,
,
,
,
,
,
,
,
,
,
,
,
,
,
,
,
,
,
,
,
,
,
,
,
,
,
,
,
,
,
,
,
,
,
,
,
,
,
,
,
,
,
,
,
,
,
,
,
,
,
,
,
,
,
,
,
,
,
,
,
,
,
,
,
,
,
,
,
,
,
,
,
,
,
,
,
,
,
,
,
,
,
,
,
,
,
,
,
,
,
,
,
,
,
,
,
,
,
,
,
,
,
